Old School RuneScape,en,https://static-cdn.jtvnw.net/previews-ttv/live_user_b0atyfnm-{width}x{height}.jpg,‚úîÔ∏è b0aty - 5b giveaway! (type !win to join) // twitter: @b0aty,b0atyfnm,B0atyfnm,954
Old School RuneScape,en,https://static-cdn.jtvnw.net/previews-ttv/live_user_hey_jase-{width}x{height}.jpg,rank 2 | 370 hard casket opening + master clues | 26/47 !pets !log !3adruidic,hey_jase,Hey_Jase,873
Old School RuneScape,en,https://static-cdn.jtvnw.net/previews-ttv/live_user_faux-{width}x{height}.jpg,hcim || just another sunday,faux,Faux,838
Old School RuneScape,en,https://static-cdn.jtvnw.net/previews-ttv/live_user_emma-{width}x{height}.jpg,happy valentines day ly !wheel,emma,Emma,763
Old School RuneScape,en,https://static-cdn.jtvnw.net/previews-ttv/live_user_roidie-{width}x{height}.jpg,"chat, will you be my valentine?  |  @roidie_  ",roidie,Roidie,706
Old School RuneScape,en,https://static-cdn.jtvnw.net/previews-ttv/live_user_synq-{width}x{height}.jpg,synq - lms <method>,synq,Synq,556
Old School RuneScape,en,https://static-cdn.jtvnw.net/previews-ttv/live_user_hanner-{width}x{height}.jpg,happy valentine's day :) !newvid,hanner,hanner,448
Old School RuneScape,en,https://static-cdn.jtvnw.net/previews-ttv/live_user_eliop14-{width}x{height}.jpg,ill be your valentine !bbc !mn7 !hc210m,eliop14,eliop14,191
Old School RuneScape,en,https://static-cdn.jtvnw.net/previews-ttv/live_user_nishftw-{width}x{height}.jpg,pking with high risk !newvid !prime,nishftw,nishftw,188
Old School RuneScape,en,https://static-cdn.jtvnw.net/previews-ttv/live_user_lake-{width}x{height}.jpg,!cm <method>,lake,Lake,180
Old School RuneScape,en,https://static-cdn.jtvnw.net/previews-ttv/live_user_fat_clouds-{width}x{height}.jpg,rank 15 ironman l doing the do l !socials,fat_clouds,Fat_Clouds,173
Old School RuneScape,en,https://static-cdn.jtvnw.net/previews-ttv/live_user_ironqueen_osrs-{width}x{height}.jpg,iron pet hunt: corp | music: dnb,ironqueen_osrs,IronQueen_OSRS,101
Old School RuneScape,en,https://static-cdn.jtvnw.net/previews-ttv/live_user_ragedrops-{width}x{height}.jpg,130m+ giveaway new discord - rage giveaways [!discord  !cc ] ,ragedrops,ragedrops,90
Old School RuneScape,en,https://static-cdn.jtvnw.net/previews-ttv/live_user_jackrs-{width}x{height}.jpg,rank 2 corp for ely 11.1k+ | completionist iron | !specs !corp !pets !lastsigil,jackrs,JackRS,85
Old School RuneScape,en,https://static-cdn.jtvnw.net/previews-ttv/live_user_sonny-{width}x{height}.jpg,!ags1 checking out if pc doenst cash again lul,sonny,Sonny,72
Old School RuneScape,en,https://static-cdn.jtvnw.net/previews-ttv/live_user_rigondeaux-{width}x{height}.jpg,karils crossbow then fire cape kekw | !rules !05 !cc !main,rigondeaux,Rigondeaux,70
Old School RuneScape,en,https://static-cdn.jtvnw.net/previews-ttv/live_user_mikelaser-{width}x{height}.jpg,staking /  corp mass ??!  /  giveaway's!!  + more,mikelaser,Mikelaser,67
Old School RuneScape,en,https://static-cdn.jtvnw.net/previews-ttv/live_user_kiwibear_-{width}x{height}.jpg,en/hk 85/99 untrimmed slayer grindddddddddd !goals !stats ,kiwibear_,Kiwibear_,66
Old School RuneScape,en,https://static-cdn.jtvnw.net/previews-ttv/live_user_pulverises-{width}x{height}.jpg,hound hunt | master clue grind! | !bingo,pulverises,Pulverises,61
Old School RuneScape,other,https://static-cdn.jtvnw.net/previews-ttv/live_user_signej-{width}x{height}.jpg,veini n chillli ( ¬¥ ‚ñΩ ` )Ôæâ !viwa !darmati ,signej,SigneJ,59
Old School RuneScape,en,https://static-cdn.jtvnw.net/previews-ttv/live_user_mika279-{width}x{height}.jpg,opening 265 medium clues (short stream),mika279,Mika279,56
Old School RuneScape,en,https://static-cdn.jtvnw.net/previews-ttv/live_user_lalhc-{width}x{height}.jpg,üî• [rank 174 hcim] sigil sunday | !elixir !corpchance !double40 !spiritshield ,lalhc,LalHC,53
Old School RuneScape,en,https://static-cdn.jtvnw.net/previews-ttv/live_user_its_nosti-{width}x{height}.jpg,happy valentine's day you filthy animals| !today !pb !discord !socials,its_nosti,its_Nosti,52
Old School RuneScape,en,https://static-cdn.jtvnw.net/previews-ttv/live_user_ammokitty-{width}x{height}.jpg,happy valentine's day! (=^.^=),ammokitty,AmmoKitty,52
Old School RuneScape,en,https://static-cdn.jtvnw.net/previews-ttv/live_user_ninogoblino-{width}x{height}.jpg,big marbles // dragonwarhammer giveaway!  // !cc  !giveaway !merch  !discord  !subs ,ninogoblino,NinoGoblino,49
Old School RuneScape,en,https://static-cdn.jtvnw.net/previews-ttv/live_user_protoscythe-{width}x{height}.jpg,clearing debt! making gains !debt !rip !smell,protoscythe,protoscythe,43
Old School RuneScape,en,https://static-cdn.jtvnw.net/previews-ttv/live_user_moldzz-{width}x{height}.jpg,chill staking! ~ !marbles !songrequest !commands,moldzz,Moldzz,43
Old School RuneScape,en,https://static-cdn.jtvnw.net/previews-ttv/live_user_h0na_rs-{width}x{height}.jpg,"learning tob (16 kc), please be nice o me <3 | !arcane !walkon [nor/eng]",h0na_rs,H0na_rs,41
Old School RuneScape,en,https://static-cdn.jtvnw.net/previews-ttv/live_user_lilchunks12-{width}x{height}.jpg,"evil dave is my valentine, drinkin n skillin:) !discord !instagram !cheese",lilchunks12,LilChunks12,37
Old School RuneScape,en,https://static-cdn.jtvnw.net/previews-ttv/live_user_whizardrs-{width}x{height}.jpg,[hcim] yep cox !dhcb,whizardrs,WhizardRS,37
Old School RuneScape,en,https://static-cdn.jtvnw.net/previews-ttv/live_user_blowpipe_osrs-{width}x{height}.jpg,mangokool inferno,blowpipe_osrs,blowpipe_osrs,35
Old School RuneScape,en,https://static-cdn.jtvnw.net/previews-ttv/live_user_nanobutte-{width}x{height}.jpg,its late but whatever,nanobutte,nanobutte,34
Old School RuneScape,en,https://static-cdn.jtvnw.net/previews-ttv/live_user_h2z_rs-{width}x{height}.jpg,some corp slaying then staking & giveaways!! ffa w312,h2z_rs,H2Z_RS,33
Old School RuneScape,en,https://static-cdn.jtvnw.net/previews-ttv/live_user_jiksee-{width}x{height}.jpg,ds2 type beat | !newvid,jiksee,jiksee,33
Old School RuneScape,en,https://static-cdn.jtvnw.net/previews-ttv/live_user_warshan-{width}x{height}.jpg,obby destroys pvp worlds,warshan,Warshan,32
Old School RuneScape,en,https://static-cdn.jtvnw.net/previews-ttv/live_user_zushinator-{width}x{height}.jpg,"hardcore cox for valentine, hcim btw // let's goooo // !discord !streamloots !pb",zushinator,Zushinator,32
Old School RuneScape,es,https://static-cdn.jtvnw.net/previews-ttv/live_user_im_gonza-{width}x{height}.jpg,[espa√±ol] venenatis,im_gonza,im_gonza,29
Old School RuneScape,en,https://static-cdn.jtvnw.net/previews-ttv/live_user_horselord_-{width}x{height}.jpg,look for duo raids tob // !mouth !discord !currentmusic !roommate,horselord_,horselord_,28
Old School RuneScape,en,https://static-cdn.jtvnw.net/previews-ttv/live_user_ultimate_low-{width}x{height}.jpg,max uim 400/1000 hards 100bits=casketbadge !3rdage2 !3rdage !pker !bag !pets,ultimate_low,Ultimate_Low,27
Old School RuneScape,en,https://static-cdn.jtvnw.net/previews-ttv/live_user_ironrhapsody-{width}x{height}.jpg,happy sunday / !tbow !blade !merch !discord !heart !pie ,ironrhapsody,IronRhapsody,25
Old School RuneScape,en,https://static-cdn.jtvnw.net/previews-ttv/live_user_gabanana-{width}x{height}.jpg,ironwaman stands alone // learning solo cox // !inferno ,gabanana,gabanana,24
Old School RuneScape,en,https://static-cdn.jtvnw.net/previews-ttv/live_user_lilmoepeeps-{width}x{height}.jpg,come vibe if ur l0nely,lilmoepeeps,LilMoePeeps,22
Old School RuneScape,en,https://static-cdn.jtvnw.net/previews-ttv/live_user_ayrball-{width}x{height}.jpg,viewer raids widehard 7 // !songotd !instagram !join,ayrball,ayrball,22
Old School RuneScape,en,https://static-cdn.jtvnw.net/previews-ttv/live_user_hydroelectric-{width}x{height}.jpg,[im] corp for first sigil !pants !cox !discord,hydroelectric,HydroElectric,20
Old School RuneScape,en,https://static-cdn.jtvnw.net/previews-ttv/live_user_theperfectg-{width}x{height}.jpg,is zuk even achievable?   ||  !cmguide !bankguide !newvid,theperfectg,ThePerfectG,18
Old School RuneScape,en,https://static-cdn.jtvnw.net/previews-ttv/live_user_crylax_-{width}x{height}.jpg,daily mole grind + path of !pain later !today !discord,crylax_,Crylax_,18
Old School RuneScape,en,https://static-cdn.jtvnw.net/previews-ttv/live_user_cavemantv-{width}x{height}.jpg,main | schlayer & things | !artesian !discord !stjude,cavemantv,CavemanTV,18
Old School RuneScape,en,https://static-cdn.jtvnw.net/previews-ttv/live_user_rs_slushiiii-{width}x{height}.jpg,valentines day hcim chambers 0/2 | !youtube !discord !onlyfans,rs_slushiiii,RS_Slushiiii,17
Old School RuneScape,en,https://static-cdn.jtvnw.net/previews-ttv/live_user_therunyan-{width}x{height}.jpg,üòà the choice is yours! üòà,therunyan,TheRunyan,16
Old School RuneScape,en,https://static-cdn.jtvnw.net/previews-ttv/live_user_smithytv-{width}x{height}.jpg,trident soon! - ironman live recording sesh - !youtube !discord,smithytv,SmithyTV,16
Old School RuneScape,en,https://static-cdn.jtvnw.net/previews-ttv/live_user_opalightrs-{width}x{height}.jpg,happy feb 14th my dudes | !chocs !flowers,opalightrs,OpalightRS,16
Old School RuneScape,en,https://static-cdn.jtvnw.net/previews-ttv/live_user_ohnoitskatiee-{width}x{height}.jpg,cox and  vday armadyl event today,ohnoitskatiee,OhNoItsKatiee,16
Old School RuneScape,en,https://static-cdn.jtvnw.net/previews-ttv/live_user_retr0parkour-{width}x{height}.jpg,slaying monsters and chewing bubble gum,retr0parkour,retr0parkour,15
Old School RuneScape,en,https://static-cdn.jtvnw.net/previews-ttv/live_user_ryguyslive-{width}x{height}.jpg,"ill be your valentine!, high risk pking, !giveway !prime come chill",ryguyslive,ryguyslive,14
Old School RuneScape,en,https://static-cdn.jtvnw.net/previews-ttv/live_user_maeulynn-{width}x{height}.jpg,happy valentine's day üåπ,maeulynn,Maeulynn,14
Old School RuneScape,en,https://static-cdn.jtvnw.net/previews-ttv/live_user_smirkinlive-{width}x{height}.jpg,bringin it back <3 | osrs,smirkinlive,SmirkinLIVE,13
Old School RuneScape,en,https://static-cdn.jtvnw.net/previews-ttv/live_user_halfblacktim-{width}x{height}.jpg,holy sunday giveaways ,halfblacktim,HalfBlackTim,13
Old School RuneScape,en,https://static-cdn.jtvnw.net/previews-ttv/live_user_mcbazeosrs-{width}x{height}.jpg,another 12+ hours of inferno :) !!!!!!!!!,mcbazeosrs,mcbazeosrs,13
Old School RuneScape,sv,https://static-cdn.jtvnw.net/previews-ttv/live_user_grevenaflaroy1-{width}x{height}.jpg,sen kyrka,grevenaflaroy1,GrevenAfLaroy1,12
Old School RuneScape,en,https://static-cdn.jtvnw.net/previews-ttv/live_user_sirbaronsand-{width}x{height}.jpg,not genshin! playing !streamraiders,sirbaronsand,SirBaronSand,12
Old School RuneScape,en,https://static-cdn.jtvnw.net/previews-ttv/live_user_3kblaze-{width}x{height}.jpg,üá¨üáß still 0 pets....,3kblaze,3KBlaze,11
Old School RuneScape,en,https://static-cdn.jtvnw.net/previews-ttv/live_user_enviable-{width}x{height}.jpg,:),enviable,enviable,11
Old School RuneScape,en,https://static-cdn.jtvnw.net/previews-ttv/live_user_skeptasmum-{width}x{height}.jpg,no gp left - raid time / marble giveaway leggo,skeptasmum,SkeptasMum,11
Old School RuneScape,en,https://static-cdn.jtvnw.net/previews-ttv/live_user_standupguylive-{width}x{height}.jpg,so mushroom in my heart for you !newtagplz,standupguylive,StandUpGuyLive,10
Old School RuneScape,en,https://static-cdn.jtvnw.net/previews-ttv/live_user_ironspider117-{width}x{height}.jpg,[ironman] terminus bingo|| ya boy engaged || *!spiderling* || !claws !elder !dhcb !teapot !discord !wheellist,ironspider117,IronSpider117,10
Old School RuneScape,nl,https://static-cdn.jtvnw.net/previews-ttv/live_user_justfollowosrs-{width}x{height}.jpg,[ nl ]  zulrah pet hunt / cleaned again :-)  [1.157/4.000] !giveaway !pets,justfollowosrs,JustFollowOSRS,10
Old School RuneScape,es,https://static-cdn.jtvnw.net/previews-ttv/live_user_kevin_stad-{width}x{height}.jpg,osrs espa√±ol - coxitosss,kevin_stad,kevin_stad,9
Old School RuneScape,en,https://static-cdn.jtvnw.net/previews-ttv/live_user_kzrl-{width}x{height}.jpg,carrying learners on 416,kzrl,kzrl,9
Old School RuneScape,en,https://static-cdn.jtvnw.net/previews-ttv/live_user_doughboy96-{width}x{height}.jpg,3b/5b bankkk (high risk pvp/high stakes),doughboy96,doughboy96,9
Old School RuneScape,nl,https://static-cdn.jtvnw.net/previews-ttv/live_user_powerkef-{width}x{height}.jpg,will you be my valentine? | !anstop !zspear | ironman content | nl-eng,powerkef,powerkef,9
Old School RuneScape,en,https://static-cdn.jtvnw.net/previews-ttv/live_user_hypnotp-{width}x{height}.jpg,mrc !bingo day 3 | !discord !tbow !bandos,hypnotp,HypnoTP,9
Old School RuneScape,en,https://static-cdn.jtvnw.net/previews-ttv/live_user_sky_osrs-{width}x{height}.jpg,[hc] -=- unique magnet -=-,sky_osrs,Sky_osrs,9
Old School RuneScape,en,https://static-cdn.jtvnw.net/previews-ttv/live_user_1bgp_-{width}x{height}.jpg, [im] pet hunt 10/47 | !pets,1bgp_,1BGP_,9
Old School RuneScape,en,https://static-cdn.jtvnw.net/previews-ttv/live_user_konvictah-{width}x{height}.jpg,pking- ( 1bil from pvp !challenge)- !debt !mouse !streamloots,konvictah,konvictah,8
Old School RuneScape,en,https://static-cdn.jtvnw.net/previews-ttv/live_user_cpynex2-{width}x{height}.jpg,brand new series!!! | uim | !series !newvid,cpynex2,Cpynex2,8
Old School RuneScape,de,https://static-cdn.jtvnw.net/previews-ttv/live_user_pynus-{width}x{height}.jpg,[ger] slayer | !discord | !rc | !lost,pynus,Pynus,8
Old School RuneScape,en,https://static-cdn.jtvnw.net/previews-ttv/live_user_turtlez617-{width}x{height}.jpg,quest cape party meet up! 4:30cst !cape,turtlez617,turtlez617,8
Old School RuneScape,en,https://static-cdn.jtvnw.net/previews-ttv/live_user_jal_nib-{width}x{height}.jpg,yo jalsmoke,jal_nib,jal_nib,8
Old School RuneScape,en,https://static-cdn.jtvnw.net/previews-ttv/live_user_flutten-{width}x{height}.jpg,what day is it lol // twitter @flttn // !insta,flutten,flutten,8
Old School RuneScape,en,https://static-cdn.jtvnw.net/previews-ttv/live_user_anna8n_-{width}x{height}.jpg,drunk valentines day stream!!!!! | !discord,anna8n_,anna8n_,8
Old School RuneScape,nl,https://static-cdn.jtvnw.net/previews-ttv/live_user_testostiron-{width}x{height}.jpg,tob,testostiron,Testostiron,8
Old School RuneScape,en,https://static-cdn.jtvnw.net/previews-ttv/live_user_dinors-{width}x{height}.jpg,dwh on iron! zulrah for serp next then bandos?,dinors,dinoRS,7
Old School RuneScape,en,https://static-cdn.jtvnw.net/previews-ttv/live_user_ttoshhi-{width}x{height}.jpg,planking & marble giveaways! !kissme,ttoshhi,ttoshhi,7
Old School RuneScape,en,https://static-cdn.jtvnw.net/previews-ttv/live_user_mastythegee-{width}x{height}.jpg,the king is back :d! ,mastythegee,mastythegee,7
Old School RuneScape,en,https://static-cdn.jtvnw.net/previews-ttv/live_user_been_the_man-{width}x{height}.jpg,happy valentine's day! we be bossin' . pvp . marbles giveaways.,been_the_man,Been_The_Man,7
Old School RuneScape,en,https://static-cdn.jtvnw.net/previews-ttv/live_user_itsbigbootybih-{width}x{height}.jpg,hungover risk fighting - vlone - need a pedialyte and rng,itsbigbootybih,itsbigbootybih,7
Old School RuneScape,en,https://static-cdn.jtvnw.net/previews-ttv/live_user_deejayslim-{width}x{height}.jpg,"-scottish- happy valentines day <3 raidsss + 
giveaways !discord !streameritem !marbles !month",deejayslim,DeejaySlim,7
Old School RuneScape,en,https://static-cdn.jtvnw.net/previews-ttv/live_user_10tabs-{width}x{height}.jpg,ironman - slayer grind! chill chat,10tabs,10tabs,7
Old School RuneScape,en,https://static-cdn.jtvnw.net/previews-ttv/live_user_stinkyzman-{width}x{height}.jpg,grotesque guardian pet hunt! | come hang out!,stinkyzman,StinkyZman,7
Old School RuneScape,en,https://static-cdn.jtvnw.net/previews-ttv/live_user_imakebong4u-{width}x{height}.jpg,glass infomercial --spinning the wheel of stuff--osrs giveaways --,imakebong4u,imakebong4u,7
Old School RuneScape,en,https://static-cdn.jtvnw.net/previews-ttv/live_user_derpinlikeapro-{width}x{height}.jpg,oh hey there! ds2 today!! | !discord,derpinlikeapro,DerpinLikeAPro,7
Old School RuneScape,en,https://static-cdn.jtvnw.net/previews-ttv/live_user_im_stegali-{width}x{height}.jpg,uim : the clickening !commands ,im_stegali,Im_Stegali,7
Old School RuneScape,en,https://static-cdn.jtvnw.net/previews-ttv/live_user_osrsfreak-{width}x{height}.jpg,hcim | happy valentines day cox with the boys! 0/12 items! | !giveaway !discord,osrsfreak,OsrsFreak,7
Old School RuneScape,en,https://static-cdn.jtvnw.net/previews-ttv/live_user_wolfiedaddy-{width}x{height}.jpg,kalphitian queen :$ !coxlog,wolfiedaddy,wolfiedaddy,7
Old School RuneScape,en,https://static-cdn.jtvnw.net/previews-ttv/live_user_shadowvincent-{width}x{height}.jpg,key unlocks and some wintertoht! - old school runescape,shadowvincent,ShadowVincent,6
Old School RuneScape,en,https://static-cdn.jtvnw.net/previews-ttv/live_user_dub_zer0-{width}x{height}.jpg,"300m start - 900m goal, faaaaaaaaaaaaaaast",dub_zer0,dub_zer0,6
Old School RuneScape,en,https://static-cdn.jtvnw.net/previews-ttv/live_user_kevozzy-{width}x{height}.jpg,uim <3 diaries and skillin <3 (eng/fra) uim metal crue !chin !bag !baguette !discord !bgloves !dmed ,kevozzy,kevozzy,6
Old School RuneScape,en,https://static-cdn.jtvnw.net/previews-ttv/live_user_king_of_goth-{width}x{height}.jpg,valentine's day live!,king_of_goth,king_of_goth,6
Old School RuneScape,en,https://static-cdn.jtvnw.net/previews-ttv/live_user_metal_straw-{width}x{height}.jpg,13def pure slaps sire back to the abyss  !youtube !discord !bofa,metal_straw,Metal_Straw,6
Old School RuneScape,pt,https://static-cdn.jtvnw.net/previews-ttv/live_user_leozuxolol-{width}x{height}.jpg,ironman  - solo nightmareü•∂,leozuxolol,Leozuxolol,6
Old School RuneScape,en,https://static-cdn.jtvnw.net/previews-ttv/live_user_faultyt0ast-{width}x{height}.jpg,calling all singles! let's mingle <3,faultyt0ast,FaultyT0ast,6
Old School RuneScape,en,https://static-cdn.jtvnw.net/previews-ttv/live_user_addrym-{width}x{height}.jpg,hcim | barrows - ktop or tank legs pl0x | !today !unlocks !goals,addrym,Addrym,5
Old School RuneScape,en,https://static-cdn.jtvnw.net/previews-ttv/live_user_geaux_pro-{width}x{height}.jpg,idk why were here,geaux_pro,Geaux_Pro,5
Old School RuneScape,en,https://static-cdn.jtvnw.net/previews-ttv/live_user_16fly2016-{width}x{height}.jpg,uim zulrah,16fly2016,16Fly2016,5
Old School RuneScape,en,https://static-cdn.jtvnw.net/previews-ttv/live_user_midgetfloof-{width}x{height}.jpg,no way i got hellpuppy 14 year old shitter !discord !hellpuppy,midgetfloof,MidgetFloof,5
Old School RuneScape,en,https://static-cdn.jtvnw.net/previews-ttv/live_user_cynth_ia-{width}x{height}.jpg,no deaths,cynth_ia,Cynth_ia,5
Old School RuneScape,en,https://static-cdn.jtvnw.net/previews-ttv/live_user_the_fire_bro-{width}x{height}.jpg,viewers pick content - continued! - !contentpicker  || !goals ,the_fire_bro,The_Fire_Bro,5
Old School RuneScape,en,https://static-cdn.jtvnw.net/previews-ttv/live_user_gkingoftrees-{width}x{height}.jpg,"holy tree sunday: slappin olm's cox w/ tha boys, gwd? gauntlet, pdub and more !discord !music",gkingoftrees,GKingofTrees,5
Old School RuneScape,en,https://static-cdn.jtvnw.net/previews-ttv/live_user_valluurs-{width}x{height}.jpg,iron cox yep 5/12 !log !maze,valluurs,ValluuRS,5
Old School RuneScape,en,https://static-cdn.jtvnw.net/previews-ttv/live_user_kimiky_x-{width}x{height}.jpg,"chill &osrs
",kimiky_x,kimiky_x,5
Old School RuneScape,en,https://static-cdn.jtvnw.net/previews-ttv/live_user_torstool-{width}x{height}.jpg,pet hunting | master clues & raids,torstool,Torstool,5
Old School RuneScape,en,https://static-cdn.jtvnw.net/previews-ttv/live_user_uzercw-{width}x{height}.jpg,themed castlewars fun lol,uzercw,Uzercw,5
Old School RuneScape,en,https://static-cdn.jtvnw.net/previews-ttv/live_user_ztriggs-{width}x{height}.jpg,12 hour gaming sunday #3,ztriggs,Ztriggs,5
Old School RuneScape,en,https://static-cdn.jtvnw.net/previews-ttv/live_user_afrosamuuraii-{width}x{height}.jpg,hcim 92/93 slayer | !goals,afrosamuuraii,AfroSamuuraii,5
Old School RuneScape,da,https://static-cdn.jtvnw.net/previews-ttv/live_user_hegboy2-{width}x{height}.jpg,stadig solo raid learner i guess,hegboy2,hegboy2,5
Old School RuneScape,en,https://static-cdn.jtvnw.net/previews-ttv/live_user_proteinbaby-{width}x{height}.jpg,duo cms || !insta !twitter !osrs,proteinbaby,ProteinBaby,5
Old School RuneScape,en,https://static-cdn.jtvnw.net/previews-ttv/live_user_ismailyuux-{width}x{height}.jpg,"early sunday stream, come and say hi! | zulrah | ironman | !discord !dwh !status",ismailyuux,IsmailYuux,4
Old School RuneScape,en,https://static-cdn.jtvnw.net/previews-ttv/live_user_ohhmoi-{width}x{height}.jpg,best lms player alive... in my heart,ohhmoi,ohhmoi,4
Old School RuneScape,en,https://static-cdn.jtvnw.net/previews-ttv/live_user_singledrs-{width}x{height}.jpg,solo cm cox no preps | 3/3 twisted kits | 434kc no dust,singledrs,SingledRS,4
Old School RuneScape,en,https://static-cdn.jtvnw.net/previews-ttv/live_user_stonerd-{width}x{height}.jpg,"back! and a stream check

",stonerd,STONERD,4
Old School RuneScape,en,https://static-cdn.jtvnw.net/previews-ttv/live_user_noobgoespking-{width}x{height}.jpg,[osrs pk] rebuild series in pvp world as a zerker | low/high risk pk | ags | elder maul | road to 1.0 k/d,noobgoespking,NoobgoesPking,4
Old School RuneScape,en,https://static-cdn.jtvnw.net/previews-ttv/live_user_ltextbookl-{width}x{height}.jpg,slayer sunday | day 6 | 14 days of slayer | v day was yesterday bro,ltextbookl,lTextbookl,4
Old School RuneScape,en,https://static-cdn.jtvnw.net/previews-ttv/live_user_virzuk-{width}x{height}.jpg,any purps? !discord,virzuk,virzuk,4
Old School RuneScape,en,https://static-cdn.jtvnw.net/previews-ttv/live_user_mandapropaganda-{width}x{height}.jpg,my first rn account ,mandapropaganda,mandapropaganda,4
Old School RuneScape,en,https://static-cdn.jtvnw.net/previews-ttv/live_user_loreosrs-{width}x{height}.jpg,"minescape.me, uim lore continues the grind with thieving!",loreosrs,LoreOSRS,4
Old School RuneScape,en,https://static-cdn.jtvnw.net/previews-ttv/live_user_toxiczandly-{width}x{height}.jpg,the jaddening rise of the baked bean cloak,toxiczandly,ToxicZandly,4
Old School RuneScape,en,https://static-cdn.jtvnw.net/previews-ttv/live_user_intersty-{width}x{height}.jpg,inferno | day 4 | retrograding,intersty,Intersty,4
Old School RuneScape,en,https://static-cdn.jtvnw.net/previews-ttv/live_user_hobin9-{width}x{height}.jpg,99 firemaking grind || empirecc || follow @faint_hobin,hobin9,Hobin9,4
Old School RuneScape,en,https://static-cdn.jtvnw.net/previews-ttv/live_user_livinglrggaming-{width}x{height}.jpg,2/4 road to affiliate - level 3 skiller thieving grind for clue scrolls - back at itttttt!,livinglrggaming,LivingLRGGaming,4
Old School RuneScape,en,https://static-cdn.jtvnw.net/previews-ttv/live_user_millnium-{width}x{height}.jpg,inferno,millnium,Millnium,4
Old School RuneScape,en,https://static-cdn.jtvnw.net/previews-ttv/live_user_slyight3-{width}x{height}.jpg,good morning barrows! 590+kc 21/25 uniques! !guess the chest for 30m or 5 bonds! 5m giveaway each unique pulled!,slyight3,Slyight3,4
Old School RuneScape,en,https://static-cdn.jtvnw.net/previews-ttv/live_user_sighphy-{width}x{height}.jpg,[hcim] happy heart day to you <3,sighphy,SighPhy,3
Old School RuneScape,en,https://static-cdn.jtvnw.net/previews-ttv/live_user_illegal_waffles-{width}x{height}.jpg,local iron teaches himself how to solo cox,illegal_waffles,illegal_waffles,3
Old School RuneScape,en,https://static-cdn.jtvnw.net/previews-ttv/live_user_henrycknl-{width}x{height}.jpg,iron - tob duo ( i get carried ),henrycknl,HenryckNL,3
Old School RuneScape,en,https://static-cdn.jtvnw.net/previews-ttv/live_user_jraye910-{width}x{height}.jpg,join me for some questing ,jraye910,jraye910,3
Old School RuneScape,en,https://static-cdn.jtvnw.net/previews-ttv/live_user_xkushlyfe-{width}x{height}.jpg,gonna bust out 99 con today ,xkushlyfe,xkushlyfe,3
Old School RuneScape,en,https://static-cdn.jtvnw.net/previews-ttv/live_user_reighndrop81-{width}x{height}.jpg," come and watch me. slayer. and whatever else. lets get to know each other.

",reighndrop81,reighndrop81,3
Old School RuneScape,en,https://static-cdn.jtvnw.net/previews-ttv/live_user_theporchcast-{width}x{height}.jpg,porchcast plays !duostream !slayer !cluescrolls !osrs,theporchcast,theporchcast,3
Old School RuneScape,en,https://static-cdn.jtvnw.net/previews-ttv/live_user_zaandie-{width}x{height}.jpg,hcim zulrah (puggin waiting room) !serp !magicfang !dpick,zaandie,zaandie,3
Old School RuneScape,en,https://static-cdn.jtvnw.net/previews-ttv/live_user_pale_hermit-{width}x{height}.jpg,"raid content first drop !! arcane prayer scroll !!!! 137 kc (ironman)
whats a valentine day?",pale_hermit,Pale_Hermit,3
Old School RuneScape,nl,https://static-cdn.jtvnw.net/previews-ttv/live_user_kaylon-{width}x{height}.jpg,rank 68 ironman - 200m cooking grind,kaylon,Kaylon,3
Old School RuneScape,en,https://static-cdn.jtvnw.net/previews-ttv/live_user_crimsuhn_-{width}x{height}.jpg,rev cave goofin,crimsuhn_,crimsuhn_,3
Old School RuneScape,en,https://static-cdn.jtvnw.net/previews-ttv/live_user_zirrub_-{width}x{height}.jpg,dating = xp waste - playing whatever game we want - drinking,zirrub_,Zirrub_,3
Old School RuneScape,en,https://static-cdn.jtvnw.net/previews-ttv/live_user_xxmouseyyxx-{width}x{height}.jpg,last stream b4 break -- daisys bday,xxmouseyyxx,xxMOUSEYYxx,3
Old School RuneScape,en,https://static-cdn.jtvnw.net/previews-ttv/live_user_themaninbush-{width}x{height}.jpg,pogchamps 3 !watchparty & skill !namechange,themaninbush,TheManInBush,3
Old School RuneScape,nl,https://static-cdn.jtvnw.net/previews-ttv/live_user_monty3630-{width}x{height}.jpg,hello world - trio cox,monty3630,Monty3630,3
Old School RuneScape,en,https://static-cdn.jtvnw.net/previews-ttv/live_user_capn_trav-{width}x{height}.jpg,happy valentines yall,capn_trav,capn_trav,3
Old School RuneScape,en,https://static-cdn.jtvnw.net/previews-ttv/live_user_tk_senpai-{width}x{height}.jpg,r e m ~ zulrah ~ rank 374 ~ #magma*hunt,tk_senpai,Tk_Senpai,3
Old School RuneScape,en,https://static-cdn.jtvnw.net/previews-ttv/live_user_desley07-{width}x{height}.jpg,sara till pet or 33m/500m,desley07,Desley07,3
Old School RuneScape,en,https://static-cdn.jtvnw.net/previews-ttv/live_user_jhulbs-{width}x{height}.jpg,40.20.200 learner ,jhulbs,jhulbs,3
Old School RuneScape,en,https://static-cdn.jtvnw.net/previews-ttv/live_user_inkedvillain-{width}x{height}.jpg,(iron) lms then some slayer?,inkedvillain,Inkedvillain,3
Old School RuneScape,en,https://static-cdn.jtvnw.net/previews-ttv/live_user_empr_wrath-{width}x{height}.jpg,firecape attempts first runs (pure),empr_wrath,EMPR_Wrath,3
Old School RuneScape,en,https://static-cdn.jtvnw.net/previews-ttv/live_user_alchkids4gp-{width}x{height}.jpg,broke my collarbone doing chill slayer !sr for song requests,alchkids4gp,AlchKids4GP,2
Old School RuneScape,en,https://static-cdn.jtvnw.net/previews-ttv/live_user_merkery-{width}x{height}.jpg,[iron] barrows uniques pl0x,merkery,Merkery,2
Old School RuneScape,en,https://static-cdn.jtvnw.net/previews-ttv/live_user_snootypirate97-{width}x{height}.jpg,(im) song of the elves :) !stutter,snootypirate97,SnootyPirate97,2
Old School RuneScape,en,https://static-cdn.jtvnw.net/previews-ttv/live_user_boosty_rl-{width}x{height}.jpg,cox,boosty_rl,Boosty_RL,2
Old School RuneScape,en,https://static-cdn.jtvnw.net/previews-ttv/live_user_richard5percent-{width}x{height}.jpg,learning tob,richard5percent,richard5percent,2
Old School RuneScape,en,https://static-cdn.jtvnw.net/previews-ttv/live_user_kerako420-{width}x{height}.jpg,"cox, vork, nightmare  time to spin the wheel of unfortune
",kerako420,kerako420,2
Old School RuneScape,en,https://static-cdn.jtvnw.net/previews-ttv/live_user_m_o_n_o_x_y-{width}x{height}.jpg,400m pull rags to richs season 1 episode 2 staking+ giveaways !deals/!debt/!dds/!inferno,m_o_n_o_x_y,m_o_n_o_x_y,2
Old School RuneScape,en,https://static-cdn.jtvnw.net/previews-ttv/live_user_aspiiretobe-{width}x{height}.jpg,aspiire // accumulating free elo (for the other team),aspiiretobe,AspiireToBe,2
Old School RuneScape,nl,https://static-cdn.jtvnw.net/previews-ttv/live_user_sgwesleey-{width}x{height}.jpg,osrs any purp today?,sgwesleey,sgwesleey,2
Old School RuneScape,en,https://static-cdn.jtvnw.net/previews-ttv/live_user_primalelitetv-{width}x{height}.jpg,"hi guys, im back.",primalelitetv,PrimalEliteTv,2
Old School RuneScape,fr,https://static-cdn.jtvnw.net/previews-ttv/live_user_toge_plays-{width}x{height}.jpg,[qc/fr/eng]  buying gf 10k ///     emotes and badges coming soon ///           !commands      ,toge_plays,Toge_plays,2
Old School RuneScape,en,https://static-cdn.jtvnw.net/previews-ttv/live_user_saygetv-{width}x{height}.jpg,rebuilding ironman! #razerstreamer  !commands,saygetv,saygetv,2
Old School RuneScape,en,https://static-cdn.jtvnw.net/previews-ttv/live_user_moneybrad1-{width}x{height}.jpg,"building up my cash stack like jeff bezos! come say whats up!
",moneybrad1,moneybrad1,2
Old School RuneScape,en,https://static-cdn.jtvnw.net/previews-ttv/live_user_prerem-{width}x{height}.jpg,can i kill jad with 1 def ?? wave 50+,prerem,prerem,2
Old School RuneScape,en,https://static-cdn.jtvnw.net/previews-ttv/live_user_fantasticdeli-{width}x{height}.jpg,today is the day,fantasticdeli,FantasticDeli,2
Old School RuneScape,en,https://static-cdn.jtvnw.net/previews-ttv/live_user_woozirs-{width}x{height}.jpg,i have commitment issues | ironman,woozirs,WooziRS,2
Old School RuneScape,en,https://static-cdn.jtvnw.net/previews-ttv/live_user_readysetstahp-{width}x{height}.jpg,road to maxing - sepulchre grind - come chill,readysetstahp,Readysetstahp,2
Old School RuneScape,en,https://static-cdn.jtvnw.net/previews-ttv/live_user_puffyosrs-{width}x{height}.jpg,"maxed main | casual gameplay, skilling, pet hunting, soul wars (i don't pvm lol)",puffyosrs,PuffyOSRS,2
Old School RuneScape,en,https://static-cdn.jtvnw.net/previews-ttv/live_user_slayerr-{width}x{height}.jpg,not inferno,slayerr,Slayerr,2
Old School RuneScape,en,https://static-cdn.jtvnw.net/previews-ttv/live_user_mollaymusic-{width}x{height}.jpg,helloooo  <3 come chat ask me anything :) teaching my friends how to play hehe,mollaymusic,mollaymusic,2
Old School RuneScape,en,https://static-cdn.jtvnw.net/previews-ttv/live_user_copenhagensparky-{width}x{height}.jpg,üî•üî• post bsod - osrs quest and grind üî•üî•,copenhagensparky,CopenhagenSparky,2
Old School RuneScape,en,https://static-cdn.jtvnw.net/previews-ttv/live_user_not_recommend-{width}x{height}.jpg,[eng] cox cm,not_recommend,Not_Recommend,2
Old School RuneScape,en,https://static-cdn.jtvnw.net/previews-ttv/live_user_freddymags55-{width}x{height}.jpg,more sire. shots at sub goal!... !bingo,freddymags55,freddymags55,2
Old School RuneScape,en,https://static-cdn.jtvnw.net/previews-ttv/live_user_666mota-{width}x{height}.jpg,"p k / l m s
",666mota,666MOTA,2
Old School RuneScape,en,https://static-cdn.jtvnw.net/previews-ttv/live_user_xzyz0r-{width}x{height}.jpg,raids tbow rebuild after lured - kc 887,xzyz0r,XZYZ0R,2
Old School RuneScape,en,https://static-cdn.jtvnw.net/previews-ttv/live_user_new_wildys-{width}x{height}.jpg,inferno run,new_wildys,New_Wildys,2
Old School RuneScape,en,https://static-cdn.jtvnw.net/previews-ttv/live_user_easygirls-{width}x{height}.jpg,buy bricks build remove repeat,easygirls,easygirls,2
Old School RuneScape,sv,https://static-cdn.jtvnw.net/previews-ttv/live_user_oxygz-{width}x{height}.jpg,üî• poor kiddoüî• swe/eng üî•,oxygz,OxygZ,2
Old School RuneScape,en,https://static-cdn.jtvnw.net/previews-ttv/live_user_mrhudanini-{width}x{height}.jpg,demonic gorillas - slayer,mrhudanini,MrHudanini,1
Old School RuneScape,en,https://static-cdn.jtvnw.net/previews-ttv/live_user_mrsmokeyjoe-{width}x{height}.jpg,valentines slayer grind! nm later!,mrsmokeyjoe,MrSmokeyJoe,1
Old School RuneScape,en,https://static-cdn.jtvnw.net/previews-ttv/live_user_suroboro-{width}x{height}.jpg,!shirt do you want to hear a love song?,suroboro,Suroboro,1
Old School RuneScape,pt,https://static-cdn.jtvnw.net/previews-ttv/live_user_lulinhazinho-{width}x{height}.jpg,osrs nightmare a jornada de um nub |ep.3| 2.0,lulinhazinho,lulinhazinho,1
Old School RuneScape,en,https://static-cdn.jtvnw.net/previews-ttv/live_user_gratz99wc-{width}x{height}.jpg,no xp waste,gratz99wc,Gratz99wc,1
Old School RuneScape,en,https://static-cdn.jtvnw.net/previews-ttv/live_user_lockls-{width}x{height}.jpg,[osrs]  raids  gl me :3,lockls,lockls,1
Old School RuneScape,en,https://static-cdn.jtvnw.net/previews-ttv/live_user_combosupply-{width}x{height}.jpg,times come to wrangle skreebs,combosupply,combosupply,1
Old School RuneScape,nl,https://static-cdn.jtvnw.net/previews-ttv/live_user_boefdebet-{width}x{height}.jpg,short 300 ping stream gf,boefdebet,boefdebet,1
Old School RuneScape,en,https://static-cdn.jtvnw.net/previews-ttv/live_user_universeddy-{width}x{height}.jpg,"371/1000 cox! raids!
",universeddy,universeddy,1
Old School RuneScape,en,https://static-cdn.jtvnw.net/previews-ttv/live_user_xiidelta-{width}x{height}.jpg,(im) 1/4 zenyte huntin,xiidelta,XIIDelta,1
Old School RuneScape,en,https://static-cdn.jtvnw.net/previews-ttv/live_user_crazyfriggnape-{width}x{height}.jpg,"slaying with the boys! | !discord, !twitter",crazyfriggnape,CRAZYFRIGGNAPE,1
Old School RuneScape,en,https://static-cdn.jtvnw.net/previews-ttv/live_user_uhellastupid-{width}x{height}.jpg,"stupid's adventures ""i don't own the music""",uhellastupid,Uhellastupid,1
Old School RuneScape,en,https://static-cdn.jtvnw.net/previews-ttv/live_user_tedly45-{width}x{height}.jpg,back on the grind,tedly45,Tedly45,1
Old School RuneScape,en,https://static-cdn.jtvnw.net/previews-ttv/live_user_isoojadoe-{width}x{height}.jpg,day 20,isoojadoe,isooJadoe,1
Old School RuneScape,en,https://static-cdn.jtvnw.net/previews-ttv/live_user_spartanexposed-{width}x{height}.jpg,"testing stream
osrs watch",spartanexposed,Spartanexposed,1
Old School RuneScape,en,https://static-cdn.jtvnw.net/previews-ttv/live_user_lucifrox-{width}x{height}.jpg,2/14/2021 good morningüå§üèûüòé sunday 100% mobile playthrough account,lucifrox,lucifrox,1
Old School RuneScape,en,https://static-cdn.jtvnw.net/previews-ttv/live_user_ez_timesosrs-{width}x{height}.jpg,music and chill | osrs | !commands |  zulrah grinding for bank.,ez_timesosrs,ez_timesosrs,1
Old School RuneScape,en,https://static-cdn.jtvnw.net/previews-ttv/live_user_hexx_appeal-{width}x{height}.jpg,high risk g maul rushing ,hexx_appeal,Hexx_Appeal,1
Old School RuneScape,en,https://static-cdn.jtvnw.net/previews-ttv/live_user_tweak_binge-{width}x{height}.jpg,vday purple sweets?,tweak_binge,tweak_binge,1
Old School RuneScape,en,https://static-cdn.jtvnw.net/previews-ttv/live_user_punjediiii-{width}x{height}.jpg,"kraken is my valentine baraders
",punjediiii,punjediiii,1
Old School RuneScape,en,https://static-cdn.jtvnw.net/previews-ttv/live_user_chestbrahh-{width}x{height}.jpg,old school runescape pogu,chestbrahh,chestbrahh,1
Old School RuneScape,en,https://static-cdn.jtvnw.net/previews-ttv/live_user_heybobcom-{width}x{height}.jpg,osrs,heybobcom,heybobcom,1
Old School RuneScape,es,https://static-cdn.jtvnw.net/previews-ttv/live_user_runelite001-{width}x{height}.jpg,dia de donaci√≥n :d,runelite001,RuneLite001,1
Old School RuneScape,en,https://static-cdn.jtvnw.net/previews-ttv/live_user_the_believer-{width}x{height}.jpg,slayer pet hunt - noon,the_believer,the_believer,1
Old School RuneScape,en,https://static-cdn.jtvnw.net/previews-ttv/live_user_greeneyederik-{width}x{height}.jpg,who needs a gf when i have rs,greeneyederik,GreenEyedErik,1
Old School RuneScape,en,https://static-cdn.jtvnw.net/previews-ttv/live_user_viirus_v-{width}x{height}.jpg,üî¥[mute] osrs  - freshly maxed multitask god,viirus_v,ViiRuS_V,1
Old School RuneScape,en,https://static-cdn.jtvnw.net/previews-ttv/live_user_steevesplays-{width}x{height}.jpg,(uim) progression.  happy v day lets play runescape :) ,steevesplays,SteevesPlays,1
Old School RuneScape,en,https://static-cdn.jtvnw.net/previews-ttv/live_user_shoocane-{width}x{height}.jpg,"gaining xp to max total
",shoocane,Shoocane,1
Old School RuneScape,en,https://static-cdn.jtvnw.net/previews-ttv/live_user_nqmm-{width}x{height}.jpg,lillad kastid > valentine's day,nqmm,nqmm,1
Old School RuneScape,en,https://static-cdn.jtvnw.net/previews-ttv/live_user_soulbjorn-{width}x{height}.jpg,sexy boy plays osrs ,soulbjorn,soulbjorn,1
Old School RuneScape,en,https://static-cdn.jtvnw.net/previews-ttv/live_user_seabishh-{width}x{height}.jpg,hc bishh - day 2 - wintertodt prep :),seabishh,seabishh,1
Old School RuneScape,en,https://static-cdn.jtvnw.net/previews-ttv/live_user_ampedmuses-{width}x{height}.jpg,quick lms sesh,ampedmuses,ampedmuses,1
Old School RuneScape,en,https://static-cdn.jtvnw.net/previews-ttv/live_user_sh4d3_man-{width}x{height}.jpg,osrs test,sh4d3_man,Sh4d3_man,1
Old School RuneScape,en,https://static-cdn.jtvnw.net/previews-ttv/live_user_itekalot-{width}x{height}.jpg,hcim | slayer,itekalot,iTekAlot,1
Old School RuneScape,en,https://static-cdn.jtvnw.net/previews-ttv/live_user_imrw1-{width}x{height}.jpg,big slaying! (road to 75 followers!),imrw1,ImRW1,1
Old School RuneScape,en,https://static-cdn.jtvnw.net/previews-ttv/live_user_yaa_richyrich-{width}x{height}.jpg,grinding out hard clue scrolls! follow me on insta and twitter @ yaa_richyrich,yaa_richyrich,yaa_richyrich,1
Old School RuneScape,en,https://static-cdn.jtvnw.net/previews-ttv/live_user_chasemefools-{width}x{height}.jpg,stream some easy clues (completions:50),chasemefools,chasemefools,1
Old School RuneScape,fi,https://static-cdn.jtvnw.net/previews-ttv/live_user_kanka992-{width}x{height}.jpg,kanin ja keitt√§√§√§j√§n ilta/aamu pt.2,kanka992,kanka992,0
Old School RuneScape,en,https://static-cdn.jtvnw.net/previews-ttv/live_user_munchitime-{width}x{height}.jpg,duo ironmans homie date- osrs struggles ,munchitime,MunchiTime,0
Old School RuneScape,en,https://static-cdn.jtvnw.net/previews-ttv/live_user_churchill_jawe-{width}x{height}.jpg,"oldschool runescape, getting requirements for dragon slayer 2!!!",churchill_jawe,Churchill_JAWE,0
Old School RuneScape,en,https://static-cdn.jtvnw.net/previews-ttv/live_user_4_boxing-{width}x{height}.jpg,osrs ( amethyst mining ),4_boxing,4_boxing,0
Old School RuneScape,en,https://static-cdn.jtvnw.net/previews-ttv/live_user_weaverknew-{width}x{height}.jpg,cinematic af lms noob gets slapped around by bots ,weaverknew,weaverknew,0
Old School RuneScape,en,https://static-cdn.jtvnw.net/previews-ttv/live_user_zigamor-{width}x{height}.jpg,deep wilderness veng pking,zigamor,Zigamor,0
